InstanceType,status,lifetime,Vender
a1.2xlarge,0,86397,AWS
c1.medium,0,1,AWS
c1.medium,0,3,AWS
c3.2xlarge,1,3291,AWS
c3.2xlarge,1,37067,AWS
c3.2xlarge,1,3391,AWS
c3.2xlarge,1,601,AWS
c3.2xlarge,1,2005,AWS
c3.2xlarge,1,4477,AWS
c3.2xlarge,1,124,AWS
c3.2xlarge,1,69,AWS
c3.2xlarge,1,1328,AWS
c3.2xlarge,1,4979,AWS
c3.2xlarge,1,8732,AWS
c3.2xlarge,1,9395,AWS
c4.2xlarge,1,362,AWS
c4.2xlarge,1,718,AWS
c4.2xlarge,1,769,AWS
c4.2xlarge,1,600,AWS
c4.2xlarge,1,72,AWS
c4.2xlarge,1,599,AWS
c4.2xlarge,1,454,AWS
c4.2xlarge,1,139,AWS
c4.2xlarge,1,2361,AWS
c4.2xlarge,1,1923,AWS
c4.2xlarge,1,775,AWS
c4.2xlarge,1,832,AWS
c4.2xlarge,1,1278,AWS
c4.2xlarge,1,326,AWS
c4.2xlarge,1,744,AWS
c4.2xlarge,1,150,AWS
c4.2xlarge,1,62,AWS
c4.2xlarge,1,85006,AWS
c4.2xlarge,0,2,AWS
c4.2xlarge,0,1,AWS
c4.2xlarge,0,1,AWS
c5.12xlarge,0,86395,AWS
c5.12xlarge,0,86396,AWS
c5.12xlarge,0,86398,AWS
c5.12xlarge,0,86399,AWS
c5.12xlarge,0,2,AWS
c5.12xlarge,1,41522,AWS
c5.12xlarge,1,5630,AWS
c5a.12xlarge,1,208,AWS
c5a.12xlarge,1,665,AWS
c5a.12xlarge,1,71664,AWS
c5a.12xlarge,1,5047,AWS
c5a.12xlarge,1,4573,AWS
c5a.12xlarge,1,6849,AWS
c5a.12xlarge,1,26617,AWS
c5a.12xlarge,1,38443,AWS
c5a.12xlarge,1,6723,AWS
c5a.12xlarge,1,2083,AWS
c5a.12xlarge,1,11299,AWS
c5a.12xlarge,1,482,AWS
c5a.12xlarge,1,255,AWS
c5a.12xlarge,1,8174,AWS
c5a.12xlarge,1,4242,AWS
c5a.12xlarge,1,12637,AWS
c5a.12xlarge,1,3539,AWS
c5a.12xlarge,1,41907,AWS
c5ad.12xlarge,1,56693,AWS
c5d.12xlarge,1,55761,AWS
c5d.12xlarge,1,11437,AWS
c5d.12xlarge,1,41430,AWS
c5d.12xlarge,1,22277,AWS
c5d.12xlarge,1,1069,AWS
c5d.12xlarge,0,86398,AWS
c5d.12xlarge,1,23706,AWS
c5d.2xlarge,1,5735,AWS
c5d.2xlarge,1,281,AWS
c5d.2xlarge,1,21423,AWS
c5n.18xlarge,1,43645,AWS
c5n.18xlarge,1,36469,AWS
c5n.18xlarge,0,2,AWS
c5n.2xlarge,0,86399,AWS
c5n.2xlarge,0,1,AWS
c5n.2xlarge,1,44105,AWS
c5n.2xlarge,0,86396,AWS
c6a.12xlarge,1,6346,AWS
c6a.12xlarge,1,7193,AWS
c6a.12xlarge,1,10734,AWS
c6a.12xlarge,1,26742,AWS
c6a.12xlarge,1,23250,AWS
c6a.12xlarge,1,485,AWS
c6g.12xlarge,1,75624,AWS
c6g.12xlarge,1,74533,AWS
c6g.12xlarge,0,1,AWS
c6g.2xlarge,0,86396,AWS
c6gd.12xlarge,0,86397,AWS
c6gd.12xlarge,0,1,AWS
c6gd.12xlarge,0,1,AWS
c6gd.12xlarge,0,86394,AWS
c6i.12xlarge,0,86395,AWS
c6i.12xlarge,0,86398,AWS
c6i.2xlarge,1,45976,AWS
c6i.2xlarge,1,3243,AWS
c6i.2xlarge,1,2555,AWS
c6i.2xlarge,1,4267,AWS
c6i.2xlarge,1,949,AWS
c6i.2xlarge,1,1327,AWS
c6id.12xlarge,0,86398,AWS
c6id.12xlarge,0,2,AWS
c7g.12xlarge,0,1,AWS
c7g.12xlarge,0,2,AWS
d2.2xlarge,0,86399,AWS
d2.2xlarge,0,86398,AWS
d2.2xlarge,0,3,AWS
d3.2xlarge,0,86398,AWS
d3.2xlarge,0,86397,AWS
d3.2xlarge,0,86394,AWS
d3en.2xlarge,0,2,AWS
g3.4xlarge,0,86397,AWS
g3.4xlarge,0,86395,AWS
g3.4xlarge,0,3,AWS
g3.4xlarge,0,86398,AWS
g3.4xlarge,0,1,AWS
g3.4xlarge,1,54055,AWS
g3.4xlarge,1,27447,AWS
g3.4xlarge,0,86394,AWS
g3.4xlarge,0,2,AWS
g3s.xlarge,0,2,AWS
g3s.xlarge,0,2,AWS
g4ad.2xlarge,1,6224,AWS
g4dn.2xlarge,1,60842,AWS
g4dn.2xlarge,0,86399,AWS
g4dn.2xlarge,1,30318,AWS
g4dn.2xlarge,1,7733,AWS
g4dn.2xlarge,1,26110,AWS
g4dn.2xlarge,1,3155,AWS
g4dn.2xlarge,1,4409,AWS
g4dn.2xlarge,1,89,AWS
g4dn.2xlarge,1,9917,AWS
g4dn.2xlarge,1,11371,AWS
g4dn.2xlarge,1,350,AWS
g4dn.2xlarge,1,23269,AWS
g4dn.2xlarge,0,1,AWS
g4dn.2xlarge,0,86398,AWS
g4dn.2xlarge,1,1983,AWS
g4dn.2xlarge,1,30207,AWS
g4dn.2xlarge,1,6850,AWS
g4dn.2xlarge,1,2244,AWS
g4dn.2xlarge,1,3256,AWS
g4dn.2xlarge,1,8893,AWS
g4dn.2xlarge,1,6238,AWS
g5.2xlarge,1,78085,AWS
i2.2xlarge,0,86399,AWS
i2.2xlarge,1,1738,AWS
i2.2xlarge,1,8450,AWS
i3.2xlarge,0,86395,AWS
i3.2xlarge,1,8074,AWS
i3.2xlarge,1,1158,AWS
i3.2xlarge,0,1,AWS
i3.2xlarge,1,5812,AWS
i3.2xlarge,1,926,AWS
i3.2xlarge,1,263,AWS
i3.2xlarge,1,165,AWS
i3.2xlarge,1,1099,AWS
i3.2xlarge,1,11664,AWS
i3.2xlarge,1,11017,AWS
i3.2xlarge,1,3403,AWS
i3.2xlarge,1,50428,AWS
i3.2xlarge,1,9183,AWS
i3.2xlarge,1,19042,AWS
i3.2xlarge,1,35347,AWS
i3en.2xlarge,0,86397,AWS
i3en.2xlarge,0,1,AWS
i3en.2xlarge,0,86396,AWS
i4i.2xlarge,0,86398,AWS
i4i.2xlarge,0,86396,AWS
im4gn.2xlarge,0,2,AWS
inf1.2xlarge,0,86397,AWS
inf1.2xlarge,0,86399,AWS
inf1.2xlarge,0,86399,AWS
inf1.2xlarge,0,1,AWS
inf1.2xlarge,0,1,AWS
is4gen.2xlarge,0,86399,AWS
m1.large,0,86395,AWS
m1.large,0,86398,AWS
m1.large,0,1,AWS
m1.large,1,68723,AWS
m2.2xlarge,0,86399,AWS
m2.2xlarge,0,86395,AWS
m3.2xlarge,1,335,AWS
m3.2xlarge,1,196,AWS
m3.2xlarge,1,406,AWS
m4.10xlarge,1,2228,AWS
m4.10xlarge,1,120,AWS
m4.10xlarge,1,2144,AWS
m4.10xlarge,1,3765,AWS
m4.10xlarge,1,1178,AWS
m4.10xlarge,1,4264,AWS
m4.10xlarge,1,914,AWS
m4.10xlarge,1,3976,AWS
m4.10xlarge,1,923,AWS
m4.10xlarge,1,1183,AWS
m4.10xlarge,1,109,AWS
m4.10xlarge,1,11993,AWS
m4.10xlarge,1,783,AWS
m4.10xlarge,1,519,AWS
m4.10xlarge,1,4647,AWS
m4.10xlarge,1,524,AWS
m4.10xlarge,0,86397,AWS
m4.10xlarge,1,26004,AWS
m4.10xlarge,1,2115,AWS
m4.10xlarge,1,2284,AWS
m4.10xlarge,1,2122,AWS
m4.10xlarge,1,2586,AWS
m4.10xlarge,1,3275,AWS
m4.10xlarge,1,1349,AWS
m4.10xlarge,1,91,AWS
m4.10xlarge,1,53122,AWS
m4.10xlarge,1,636,AWS
m4.10xlarge,1,1890,AWS
m4.10xlarge,1,2641,AWS
m4.10xlarge,1,1500,AWS
m4.10xlarge,1,5162,AWS
m4.10xlarge,1,6891,AWS
m4.10xlarge,1,6777,AWS
m4.10xlarge,1,1748,AWS
m5.12xlarge,1,23694,AWS
m5.12xlarge,1,22262,AWS
m5.12xlarge,1,22360,AWS
m5.12xlarge,1,36763,AWS
m5.12xlarge,1,7724,AWS
m5.12xlarge,1,1676,AWS
m5.12xlarge,1,13568,AWS
m5.12xlarge,1,3295,AWS
m5.2xlarge,1,7786,AWS
m5.2xlarge,1,60193,AWS
m5.2xlarge,1,2142,AWS
m5.2xlarge,1,71106,AWS
m5.2xlarge,1,209,AWS
m5a.12xlarge,1,20844,AWS
m5a.12xlarge,1,119,AWS
m5a.12xlarge,1,19148,AWS
m5a.12xlarge,1,10783,AWS
m5a.12xlarge,1,10,AWS
m5a.12xlarge,1,3504,AWS
m5a.12xlarge,1,8480,AWS
m5a.12xlarge,1,1973,AWS
m5a.2xlarge,0,86397,AWS
m5ad.12xlarge,0,86399,AWS
m5d.12xlarge,1,85303,AWS
m5d.12xlarge,0,2,AWS
m5d.12xlarge,0,86398,AWS
m5d.12xlarge,0,86398,AWS
m5d.2xlarge,0,1,AWS
m5n.12xlarge,1,31530,AWS
m5n.2xlarge,0,2,AWS
m5zn.12xlarge,0,86397,AWS
m5zn.12xlarge,1,85451,AWS
m5zn.2xlarge,0,1,AWS
m6a.12xlarge,0,2,AWS
m6a.12xlarge,0,1,AWS
m6g.12xlarge,0,86399,AWS
m6g.12xlarge,0,2,AWS
m6g.12xlarge,0,86398,AWS
m6g.12xlarge,0,1,AWS
m6gd.12xlarge,1,77744,AWS
m6gd.12xlarge,0,2,AWS
m6gd.12xlarge,0,86399,AWS
m6gd.12xlarge,1,30258,AWS
m6gd.12xlarge,1,10242,AWS
m6gd.12xlarge,1,17850,AWS
m6i.12xlarge,0,86399,AWS
m6i.12xlarge,1,14906,AWS
m6i.12xlarge,1,21679,AWS
m6i.12xlarge,1,59039,AWS
m6i.2xlarge,1,32480,AWS
m6id.12xlarge,0,86399,AWS
m6id.12xlarge,0,2,AWS
m6id.12xlarge,0,2,AWS
p2.xlarge,1,45770,AWS
p2.xlarge,1,5941,AWS
p2.xlarge,1,1635,AWS
p2.xlarge,1,5572,AWS
p2.xlarge,1,14870,AWS
p2.xlarge,1,2123,AWS
p2.xlarge,1,2230,AWS
p3.2xlarge,1,949,AWS
r3.2xlarge,1,16917,AWS
r3.2xlarge,1,14295,AWS
r3.2xlarge,1,28612,AWS
r3.2xlarge,1,8261,AWS
r3.2xlarge,1,6833,AWS
r3.2xlarge,1,2913,AWS
r3.2xlarge,1,1991,AWS
r3.2xlarge,1,2519,AWS
r3.2xlarge,1,23147,AWS
r3.2xlarge,1,133,AWS
r3.2xlarge,1,721,AWS
r3.2xlarge,1,1620,AWS
r3.2xlarge,1,14058,AWS
r3.2xlarge,1,706,AWS
r4.16xlarge,1,27380,AWS
r4.16xlarge,1,5670,AWS
r4.16xlarge,1,3132,AWS
r4.16xlarge,1,7046,AWS
r4.16xlarge,1,10244,AWS
r4.16xlarge,1,502,AWS
r4.16xlarge,1,8943,AWS
r4.2xlarge,0,2,AWS
r5a.12xlarge,1,61412,AWS
r5a.12xlarge,0,86397,AWS
r5a.12xlarge,0,3,AWS
r5a.12xlarge,1,71653,AWS
r5ad.12xlarge,1,71626,AWS
r5ad.12xlarge,1,67,AWS
r5ad.12xlarge,1,384,AWS
r5ad.12xlarge,1,71732,AWS
r5ad.2xlarge,0,1,AWS
r5ad.2xlarge,0,86397,AWS
r5b.12xlarge,0,86396,AWS
r5b.12xlarge,0,86396,AWS
r5b.12xlarge,0,1,AWS
r5b.12xlarge,1,240,AWS
r5b.12xlarge,1,3603,AWS
r5b.2xlarge,0,86399,AWS
r5b.2xlarge,0,2,AWS
r5d.12xlarge,1,6568,AWS
r5d.12xlarge,1,13633,AWS
r5d.12xlarge,0,4,AWS
r5d.12xlarge,1,2334,AWS
r5d.12xlarge,1,400,AWS
r5d.12xlarge,1,475,AWS
r5d.12xlarge,1,697,AWS
r5d.12xlarge,1,3580,AWS
r5d.12xlarge,1,302,AWS
r5d.2xlarge,0,86394,AWS
r5dn.12xlarge,0,86399,AWS
r5dn.12xlarge,0,86399,AWS
r5dn.12xlarge,0,2,AWS
r5dn.12xlarge,0,86397,AWS
r5dn.2xlarge,0,86396,AWS
r5dn.2xlarge,0,1,AWS
r5dn.2xlarge,0,86399,AWS
r5n.12xlarge,0,3,AWS
r5n.12xlarge,0,2,AWS
r6g.12xlarge,0,86398,AWS
r6g.12xlarge,0,86399,AWS
r6g.12xlarge,0,86395,AWS
r6gd.12xlarge,1,64364,AWS
r6gd.12xlarge,0,2,AWS
r6gd.12xlarge,0,22128,AWS
r6i.12xlarge,0,85012,AWS
r6i.12xlarge,0,86398,AWS
r6i.12xlarge,1,9552,AWS
r6i.12xlarge,1,8703,AWS
r6i.12xlarge,1,26590,AWS
r6i.12xlarge,1,20548,AWS
r6i.2xlarge,1,49653,AWS
r6id.12xlarge,0,1,AWS
t1.micro,1,10042,AWS
t1.micro,1,71531,AWS
t1.micro,1,1369,AWS
t2.2xlarge,0,86397,AWS
t2.2xlarge,0,86399,AWS
t2.2xlarge,0,2,AWS
t2.2xlarge,1,82170,AWS
t2.2xlarge,0,86398,AWS
t2.2xlarge,0,4,AWS
t3.2xlarge,0,86399,AWS
t3.2xlarge,0,2,AWS
t3.2xlarge,0,86395,AWS
t3.2xlarge,0,86394,AWS
t3a.2xlarge,0,86399,AWS
t3a.2xlarge,0,86397,AWS
t3a.2xlarge,0,2,AWS
t3a.2xlarge,0,2,AWS
t3a.2xlarge,0,86393,AWS
t3a.2xlarge,0,86398,AWS
t3a.2xlarge,0,86396,AWS
t4g.2xlarge,0,86399,AWS
t4g.2xlarge,0,1,AWS
t4g.2xlarge,0,3,AWS
t4g.2xlarge,0,86395,AWS
x1e.2xlarge,0,86396,AWS
x1e.2xlarge,0,86398,AWS
x1e.2xlarge,0,86398,AWS
x1e.2xlarge,1,28652,AWS
x2gd.2xlarge,0,3,AWS
x2iedn.2xlarge,0,86397,AWS
x2iedn.2xlarge,0,86395,AWS
x2iedn.2xlarge,0,2,AWS
x2iedn.2xlarge,0,2,AWS
x2iedn.2xlarge,0,86398,AWS
x2iedn.2xlarge,0,2,AWS
x2iedn.2xlarge,0,86397,AWS
x2iezn.2xlarge,0,86396,AWS
a1.large,1,41105,AWS
c1.medium,1,22842,AWS
c1.medium,1,1929,AWS
c1.medium,1,10034,AWS
c1.medium,1,1579,AWS
c1.medium,1,296,AWS
c1.xlarge,1,585,AWS
c1.xlarge,1,15144,AWS
c1.xlarge,1,31450,AWS
c1.xlarge,1,1979,AWS
c1.xlarge,1,4316,AWS
c3.2xlarge,1,98,AWS
c3.2xlarge,1,28954,AWS
c3.2xlarge,1,148,AWS
c5a.12xlarge,1,89,AWS
c5a.12xlarge,1,110,AWS
c5a.12xlarge,1,1407,AWS
c5a.12xlarge,1,1580,AWS
c5a.2xlarge,1,39848,AWS
c5a.2xlarge,1,5389,AWS
c5a.2xlarge,1,1976,AWS
c5a.2xlarge,1,3005,AWS
c5a.4xlarge,1,4300,AWS
c5a.4xlarge,1,2152,AWS
c5a.4xlarge,1,1160,AWS
c5a.4xlarge,1,2175,AWS
c5a.4xlarge,1,15588,AWS
c5a.4xlarge,1,27924,AWS
c5a.4xlarge,1,2650,AWS
c5a.4xlarge,1,3313,AWS
c5a.4xlarge,1,1236,AWS
c5a.4xlarge,1,2946,AWS
c5a.4xlarge,1,2763,AWS
c5a.4xlarge,1,2769,AWS
c5ad.12xlarge,1,50205,AWS
c6a.8xlarge,1,8415,AWS
c6a.8xlarge,1,3920,AWS
c6a.8xlarge,1,7604,AWS
c6a.8xlarge,1,5147,AWS
c6a.8xlarge,1,4056,AWS
c6a.8xlarge,1,6888,AWS
c6a.8xlarge,1,20498,AWS
c6g.12xlarge,1,5203,AWS
c6g.12xlarge,1,6704,AWS
c6g.12xlarge,1,945,AWS
c6g.12xlarge,1,4260,AWS
c6g.12xlarge,1,2126,AWS
c6g.12xlarge,1,80,AWS
c6g.12xlarge,1,1315,AWS
c6g.12xlarge,1,3226,AWS
c6g.12xlarge,1,16230,AWS
c6g.12xlarge,1,8794,AWS
c6g.12xlarge,1,18419,AWS
c6g.8xlarge,1,1251,AWS
c6g.8xlarge,1,3264,AWS
c6g.8xlarge,1,3327,AWS
c6g.8xlarge,1,362,AWS
c6g.8xlarge,1,2502,AWS
c6g.8xlarge,1,2622,AWS
c6g.8xlarge,1,572,AWS
c6g.8xlarge,1,800,AWS
c6g.8xlarge,1,536,AWS
c6g.8xlarge,1,862,AWS
c6g.8xlarge,1,3759,AWS
c6g.8xlarge,1,2510,AWS
c6g.8xlarge,1,2999,AWS
c6g.8xlarge,1,6330,AWS
c6g.8xlarge,1,49,AWS
c6g.8xlarge,1,2627,AWS
c6g.8xlarge,1,4606,AWS
c6g.8xlarge,1,1937,AWS
c6g.8xlarge,1,2212,AWS
c6g.8xlarge,1,2240,AWS
c6g.8xlarge,1,3054,AWS
c6g.xlarge,1,86235,AWS
c6gd.12xlarge,1,316,AWS
c6gd.12xlarge,1,469,AWS
h1.4xlarge,1,41158,AWS
i3.2xlarge,1,52977,AWS
i3.2xlarge,1,1969,AWS
i3.2xlarge,1,177,AWS
i3.2xlarge,1,16355,AWS
i3.8xlarge,1,75,AWS
inf1.2xlarge,1,50423,AWS
m1.large,1,23483,AWS
m1.large,1,28557,AWS
m1.large,1,652,AWS
m1.large,1,967,AWS
m1.large,1,3213,AWS
m1.large,1,6382,AWS
m1.large,1,13975,AWS
m1.large,1,4682,AWS
m1.large,1,20622,AWS
m1.large,1,33546,AWS
m1.large,1,24286,AWS
m1.medium,1,16199,AWS
m1.medium,1,1865,AWS
m1.medium,1,599,AWS
m1.small,1,18778,AWS
m1.small,1,6978,AWS
m1.small,1,15114,AWS
m1.small,1,17492,AWS
m1.small,1,24774,AWS
m2.4xlarge,1,18931,AWS
m2.4xlarge,1,2563,AWS
m2.4xlarge,1,22013,AWS
m2.xlarge,1,64188,AWS
m2.xlarge,1,59671,AWS
m2.xlarge,1,68,AWS
m2.xlarge,1,121,AWS
m2.xlarge,1,169,AWS
m2.xlarge,1,380,AWS
m2.xlarge,1,474,AWS
m2.xlarge,1,11734,AWS
m2.xlarge,1,1802,AWS
m2.xlarge,1,8341,AWS
m2.xlarge,1,660,AWS
m2.xlarge,1,4984,AWS
m2.xlarge,1,1380,AWS
m2.xlarge,1,8223,AWS
m2.xlarge,1,484,AWS
m2.xlarge,1,479,AWS
m3.2xlarge,1,237,AWS
m3.2xlarge,1,8614,AWS
m3.large,1,57303,AWS
m3.medium,1,54766,AWS
m3.medium,1,1231,AWS
m5.4xlarge,1,19598,AWS
m5.4xlarge,1,58716,AWS
m5.4xlarge,1,48374,AWS
m5.8xlarge,1,83911,AWS
m5.large,1,60683,AWS
m5.large,1,21815,AWS
m5a.2xlarge,1,44525,AWS
m5a.2xlarge,1,3880,AWS
m5a.2xlarge,1,24505,AWS
m5a.4xlarge,1,51044,AWS
m5n.4xlarge,1,13808,AWS
m5n.4xlarge,1,69910,AWS
m5zn.xlarge,1,30453,AWS
m6a.4xlarge,1,324,AWS
m6a.4xlarge,1,51339,AWS
m6a.4xlarge,1,6556,AWS
m6a.4xlarge,1,1673,AWS
m6a.4xlarge,1,326,AWS
m6a.4xlarge,1,20258,AWS
m6a.4xlarge,1,363,AWS
m6a.4xlarge,1,890,AWS
m6a.4xlarge,1,7560,AWS
m6a.4xlarge,1,1886,AWS
m6a.4xlarge,1,5116,AWS
m6g.8xlarge,1,205,AWS
m6g.8xlarge,1,248,AWS
m6g.8xlarge,1,663,AWS
m6g.8xlarge,1,3601,AWS
m6g.8xlarge,1,14342,AWS
m6g.8xlarge,1,3492,AWS
m6g.8xlarge,1,6923,AWS
m6g.8xlarge,1,1316,AWS
m6g.8xlarge,1,65,AWS
m6g.8xlarge,1,646,AWS
m6g.8xlarge,1,1409,AWS
m6g.8xlarge,1,940,AWS
m6g.8xlarge,1,707,AWS
m6g.8xlarge,1,119,AWS
m6g.8xlarge,1,1687,AWS
m6i.4xlarge,1,4117,AWS
m6i.4xlarge,1,80562,AWS
m6i.4xlarge,1,54994,AWS
r3.2xlarge,1,18362,AWS
r3.2xlarge,1,6113,AWS
r3.2xlarge,1,64,AWS
r3.2xlarge,1,96,AWS
r3.2xlarge,1,808,AWS
r3.2xlarge,1,783,AWS
r3.2xlarge,1,1762,AWS
r3.2xlarge,1,958,AWS
r3.2xlarge,1,11046,AWS
r3.2xlarge,1,1978,AWS
r3.2xlarge,1,3420,AWS
r3.2xlarge,1,18959,AWS
r3.2xlarge,1,2341,AWS
r3.2xlarge,1,4860,AWS
r3.2xlarge,1,63004,AWS
r3.2xlarge,1,10482,AWS
r3.2xlarge,1,360,AWS
r3.4xlarge,1,240,AWS
r3.4xlarge,1,1234,AWS
r3.4xlarge,1,2841,AWS
r3.4xlarge,1,14812,AWS
r3.4xlarge,1,463,AWS
r3.4xlarge,1,709,AWS
r3.4xlarge,1,2337,AWS
r3.4xlarge,1,2043,AWS
r3.4xlarge,1,6971,AWS
r3.4xlarge,1,3959,AWS
r3.4xlarge,1,33831,AWS
r3.4xlarge,1,1804,AWS
r3.4xlarge,1,2204,AWS
r3.4xlarge,1,180,AWS
r3.4xlarge,1,662,AWS
r3.4xlarge,1,864,AWS
r3.8xlarge,1,39976,AWS
r3.xlarge,1,18023,AWS
r3.xlarge,1,474,AWS
r3.xlarge,1,1734,AWS
r3.xlarge,1,282,AWS
r3.xlarge,1,980,AWS
r3.xlarge,1,772,AWS
r3.xlarge,1,336,AWS
r3.xlarge,1,1586,AWS
r3.xlarge,1,750,AWS
r3.xlarge,1,1757,AWS
r3.xlarge,1,415,AWS
r3.xlarge,1,1625,AWS
r3.xlarge,1,441,AWS
r3.xlarge,1,1767,AWS
r3.xlarge,1,426,AWS
r3.xlarge,1,1800,AWS
r3.xlarge,1,330,AWS
r3.xlarge,1,1971,AWS
r3.xlarge,1,3104,AWS
r3.xlarge,1,447,AWS
r3.xlarge,1,1756,AWS
r3.xlarge,1,6828,AWS
r3.xlarge,1,441,AWS
r3.xlarge,1,2224,AWS
r3.xlarge,1,447,AWS
r3.xlarge,1,2793,AWS
r3.xlarge,1,24405,AWS
r3.xlarge,1,6370,AWS
r3.xlarge,1,510,AWS
r3.xlarge,1,13873,AWS
r3.xlarge,1,7979,AWS
r3.xlarge,1,7815,AWS
r3.xlarge,1,2957,AWS
r3.xlarge,1,952,AWS
r3.xlarge,1,23406,AWS
r3.xlarge,1,8547,AWS
r3.xlarge,1,22109,AWS
r3.xlarge,1,22332,AWS
r3.xlarge,1,16950,AWS
r3.xlarge,1,5104,AWS
r3.xlarge,1,11258,AWS
r3.xlarge,1,2281,AWS
r3.xlarge,1,15249,AWS
r3.xlarge,1,2605,AWS
r3.xlarge,1,980,AWS
r3.xlarge,1,1073,AWS
r3.xlarge,1,3467,AWS
r3.xlarge,1,221,AWS
r3.xlarge,1,6936,AWS
r3.xlarge,1,4129,AWS
r3.xlarge,1,2112,AWS
r3.xlarge,1,7484,AWS
r3.xlarge,1,4405,AWS
r3.xlarge,1,1016,AWS
r3.xlarge,1,12821,AWS
r3.xlarge,1,14119,AWS
r3.xlarge,1,3323,AWS
r3.xlarge,1,48873,AWS
r3.xlarge,1,10282,AWS
r4.4xlarge,1,22,AWS
r4.4xlarge,1,361,AWS
r4.4xlarge,1,875,AWS
r4.4xlarge,1,13807,AWS
r4.4xlarge,1,832,AWS
r4.4xlarge,1,542,AWS
r4.4xlarge,1,1751,AWS
r4.4xlarge,1,1538,AWS
r4.4xlarge,1,8455,AWS
r4.4xlarge,1,16438,AWS
r4.4xlarge,1,1309,AWS
r4.8xlarge,1,2855,AWS
r4.8xlarge,1,941,AWS
r4.large,1,7200,AWS
r4.large,1,20508,AWS
r4.large,1,323,AWS
r4.large,1,28877,AWS
r4.large,1,476,AWS
r4.large,1,1219,AWS
r4.large,1,842,AWS
r4.large,1,7724,AWS
r4.large,1,9167,AWS
r5b.2xlarge,1,63023,AWS
r5b.2xlarge,1,7470,AWS
r5b.2xlarge,1,316,AWS
r5b.2xlarge,1,9899,AWS
r5d.4xlarge,1,6849,AWS
r5dn.xlarge,1,77939,AWS
r6i.2xlarge,1,16550,AWS
r6i.2xlarge,1,32714,AWS
t1.micro,1,22790,AWS
t1.micro,1,122,AWS
t1.micro,1,1996,AWS
t1.micro,1,52755,AWS
t1.micro,1,21850,AWS
t1.micro,1,26416,AWS
t1.micro,1,3742,AWS
t1.micro,1,17525,AWS
t1.micro,1,3878,AWS
t1.micro,1,1481,AWS
t1.micro,1,1866,AWS
t1.micro,1,27544,AWS
t1.micro,1,745,AWS
t1.micro,1,6452,AWS
t1.micro,1,15483,AWS
t1.micro,1,10662,AWS
t1.micro,1,11253,AWS
t1.micro,1,10781,AWS
t2.2xlarge,1,44793,AWS
t3a.2xlarge,1,51576,AWS
t3a.2xlarge,1,1182,AWS
t3a.2xlarge,1,4727,AWS
t3a.2xlarge,1,2765,AWS
t3a.2xlarge,1,6639,AWS
t3a.2xlarge,1,3792,AWS
t3a.2xlarge,1,824,AWS
t3a.2xlarge,1,1610,AWS
t3a.2xlarge,1,251,AWS
